2024,1,10,17,16,14,82,/mnt/hasanweb/programming/personal/algorithms,49b635c Learning preOrderSearch
2024,1,10,17,43,37,301,/mnt/hasanweb/programming/personal/algorithms,0bb6e34 Learning in order search
2024,1,10,17,45,53,55,/mnt/hasanweb/programming/personal/algorithms,a688598 Learn Post order search
2024,1,10,19,12,36,28,/mnt/hasanweb/programming/personal/algorithms,6b3fccc Learn breath first search
2024,1,10,19,22,20,117,/mnt/hasanweb/programming/personal/algorithms,6b3fccc Learn breath first search
2024,1,10,20,48,15,105,/mnt/hasanweb/programming/personal/algorithms,9ef26b6 Making comparsion between trees
2024,1,11,18,18,1,7,/mnt/hasanweb/programming/personal/algorithms,9ef26b6 Making comparsion between trees
2024,1,30,15,23,51,9,/mnt/hasanweb/programming/personal/algorithms,9ef26b6 Making comparsion between trees
2024,1,30,15,26,26,40,/mnt/hasanweb/programming/personal/algorithms,9ef26b6 Making comparsion between trees
2024,2,12,20,17,5,11,/mnt/hasanweb/programming/personal/algorithms,9ef26b6 Making comparsion between trees
2024,2,12,21,24,48,483,/mnt/hasanweb/programming/personal/algorithms,9ef26b6 Making comparsion between trees
2024,2,16,15,28,17,326,/mnt/hasanweb/programming/personal/algorithms,9ef26b6 Making comparsion between trees
2024,2,16,16,45,34,840,/mnt/hasanweb/programming/personal/algorithms,9ef26b6 Making comparsion between trees
2024,2,23,15,38,23,5,/mnt/hasanweb/programming/personal/algorithms,9ef26b6 Making comparsion between trees
2024,3,24,16,31,26,33,/mnt/hasanweb/programming/personal/algorithms,9ef26b6 Making comparsion between trees
