2024,1,8,15,9,42,12,/home/hasanweb/.config/lvim,70c0211 Formatting
2024,1,8,15,9,42,12,/home/hasanweb/.config/lvim,70c0211 Formatting
2024,1,8,15,14,56,45,/home/hasanweb/.config/lvim,0ac10ac Trying to add Git commit notification
2024,1,8,15,14,56,45,/home/hasanweb/.config/lvim,0ac10ac Trying to add Git commit notification
2024,1,8,15,14,56,45,/home/hasanweb/.config/lvim,0ac10ac Trying to add Git commit notification
2024,1,8,15,16,59,8,/home/hasanweb/.config/lvim,3965c36 Fixing previous code
2024,1,8,15,16,59,8,/home/hasanweb/.config/lvim,3965c36 Fixing previous code
2024,1,8,15,16,59,8,/home/hasanweb/.config/lvim,3965c36 Fixing previous code
2024,1,8,15,16,59,8,/home/hasanweb/.config/lvim,3965c36 Fixing previous code
2024,1,8,15,17,48,4,/home/hasanweb/.config/lvim,3965c36 Fixing previous code
2024,1,8,15,17,48,4,/home/hasanweb/.config/lvim,3965c36 Fixing previous code
2024,1,8,15,21,35,4,/home/hasanweb/.config/lvim,3965c36 Fixing previous code
2024,1,8,15,21,35,4,/home/hasanweb/.config/lvim,3965c36 Fixing previous code
2024,1,8,15,22,32,2,/home/hasanweb/.config/lvim,3965c36 Fixing previous code
2024,1,8,15,22,32,2,/home/hasanweb/.config/lvim,3965c36 Fixing previous code
2024,1,8,15,23,11,2,/home/hasanweb/.config/lvim,3965c36 Fixing previous code
2024,1,8,15,23,11,2,/home/hasanweb/.config/lvim,3965c36 Fixing previous code
2024,1,8,15,24,7,31,/home/hasanweb/.config/lvim,1f6a1dd Adding git commit when entering vim/neoivm
2024,1,8,15,24,40,6,/home/hasanweb/.config/lvim,1f6a1dd Adding git commit when entering vim/neoivm
2024,1,8,19,27,55,0,/home/hasanweb/.config/lvim,1f6a1dd Adding git commit when entering vim/neoivm
2024,1,8,19,27,55,0,/home/hasanweb/.config/lvim,1f6a1dd Adding git commit when entering vim/neoivm
2024,1,8,19,27,55,0,/home/hasanweb/.config/lvim,1f6a1dd Adding git commit when entering vim/neoivm
2024,1,8,19,27,55,0,/home/hasanweb/.config/lvim,1f6a1dd Adding git commit when entering vim/neoivm
2024,1,16,14,6,44,5,/home/hasanweb/.config/lvim,1f6a1dd Adding git commit when entering vim/neoivm
2024,1,29,20,1,8,2,/home/hasanweb/.config/lvim,1f6a1dd Adding git commit when entering vim/neoivm
2024,1,29,20,1,8,2,/home/hasanweb/.config/lvim,1f6a1dd Adding git commit when entering vim/neoivm
2024,1,29,20,2,21,22,/home/hasanweb/.config/lvim,1f6a1dd Adding git commit when entering vim/neoivm
2024,1,29,20,2,21,22,/home/hasanweb/.config/lvim,1f6a1dd Adding git commit when entering vim/neoivm
2024,1,29,20,12,18,2,/home/hasanweb/.config/lvim,1f6a1dd Adding git commit when entering vim/neoivm
2024,1,29,20,12,18,2,/home/hasanweb/.config/lvim,1f6a1dd Adding git commit when entering vim/neoivm
2024,1,29,20,13,12,10,/home/hasanweb/.config/lvim,1f6a1dd Adding git commit when entering vim/neoivm
2024,1,29,20,15,24,0,/home/hasanweb/.config/lvim,1f6a1dd Adding git commit when entering vim/neoivm
2024,1,29,20,22,18,0,/home/hasanweb/.config/lvim,e25c33d .
2024,1,29,20,22,32,0,/home/hasanweb/.config/lvim,e25c33d .
2024,1,29,20,21,5,12,/home/hasanweb/.config/lvim,e25c33d .
2024,1,29,20,27,12,6,/home/hasanweb/.config/lvim,e25c33d .
2024,1,29,20,29,59,6,/home/hasanweb/.config/lvim,e25c33d .
2024,1,29,20,29,59,6,/home/hasanweb/.config/lvim,e25c33d .
2024,1,29,20,29,59,6,/home/hasanweb/.config/lvim,e25c33d .
2024,1,29,20,38,13,276,/home/hasanweb/.config/lvim,e25c33d .
2024,1,29,20,38,13,276,/home/hasanweb/.config/lvim,e25c33d .
2024,1,29,20,38,13,276,/home/hasanweb/.config/lvim,e25c33d .
2024,1,29,20,38,13,276,/home/hasanweb/.config/lvim,e25c33d .
2024,1,29,20,38,13,276,/home/hasanweb/.config/lvim,e25c33d .
2024,1,29,20,38,13,276,/home/hasanweb/.config/lvim,e25c33d .
2024,1,29,20,39,5,12,/home/hasanweb/.config/lvim,e25c33d .
2024,2,2,14,0,50,48,/home/hasanweb/.config/lvim,e25c33d .
2024,2,2,14,0,50,48,/home/hasanweb/.config/lvim,e25c33d .
2024,2,2,14,0,50,48,/home/hasanweb/.config/lvim,e25c33d .
2024,2,2,14,0,50,48,/home/hasanweb/.config/lvim,e25c33d .
2024,2,2,14,0,50,48,/home/hasanweb/.config/lvim,e25c33d .
2024,2,2,14,0,50,48,/home/hasanweb/.config/lvim,e25c33d .
2024,2,2,14,3,20,4,/home/hasanweb/.config/lvim,e25c33d .
2024,2,2,14,3,20,4,/home/hasanweb/.config/lvim,e25c33d .
2024,2,2,14,3,20,4,/home/hasanweb/.config/lvim,e25c33d .
2024,2,2,14,3,20,4,/home/hasanweb/.config/lvim,e25c33d .
2024,2,2,14,4,14,14,/home/hasanweb/.config/lvim,e25c33d .
2024,2,2,14,4,14,14,/home/hasanweb/.config/lvim,e25c33d .
2024,2,2,14,9,22,8,/home/hasanweb/.config/lvim,e25c33d .
2024,2,2,14,9,22,8,/home/hasanweb/.config/lvim,e25c33d .
2024,2,2,14,9,22,8,/home/hasanweb/.config/lvim,e25c33d .
2024,2,2,14,9,22,8,/home/hasanweb/.config/lvim,e25c33d .
2024,2,2,14,11,13,3,/home/hasanweb/.config/lvim,e25c33d .
2024,2,2,14,11,13,3,/home/hasanweb/.config/lvim,e25c33d .
2024,2,2,14,11,13,3,/home/hasanweb/.config/lvim,e25c33d .
2024,2,2,14,13,29,12,/home/hasanweb/.config/lvim,e25c33d .
2024,2,2,14,13,29,12,/home/hasanweb/.config/lvim,e25c33d .
2024,2,2,14,13,29,12,/home/hasanweb/.config/lvim,e25c33d .
2024,2,2,14,13,29,12,/home/hasanweb/.config/lvim,e25c33d .
2024,2,2,14,13,29,12,/home/hasanweb/.config/lvim,e25c33d .
2024,2,2,14,13,29,12,/home/hasanweb/.config/lvim,e25c33d .
2024,2,2,14,14,11,12,/home/hasanweb/.config/lvim,e25c33d .
2024,2,2,14,14,11,12,/home/hasanweb/.config/lvim,e25c33d .
2024,2,2,14,14,11,12,/home/hasanweb/.config/lvim,e25c33d .
2024,2,2,14,14,11,12,/home/hasanweb/.config/lvim,e25c33d .
2024,2,2,14,15,9,4,/home/hasanweb/.config/lvim,e25c33d .
2024,2,2,14,15,9,4,/home/hasanweb/.config/lvim,e25c33d .
2024,2,2,14,15,9,4,/home/hasanweb/.config/lvim,e25c33d .
2024,2,2,14,15,9,4,/home/hasanweb/.config/lvim,e25c33d .
2024,2,2,14,23,4,12,/home/hasanweb/.config/lvim,e25c33d .
2024,2,2,14,23,4,12,/home/hasanweb/.config/lvim,e25c33d .
2024,2,2,14,47,44,6,/home/hasanweb/.config/lvim,e25c33d .
2024,2,2,14,47,44,6,/home/hasanweb/.config/lvim,e25c33d .
2024,2,2,14,47,44,6,/home/hasanweb/.config/lvim,e25c33d .
2024,2,2,14,54,4,32,/home/hasanweb/.config/lvim,e25c33d .
2024,2,2,14,54,4,32,/home/hasanweb/.config/lvim,e25c33d .
2024,2,2,14,54,4,32,/home/hasanweb/.config/lvim,e25c33d .
2024,2,2,14,54,4,32,/home/hasanweb/.config/lvim,e25c33d .
2024,2,2,14,59,28,152,/home/hasanweb/.config/lvim,e25c33d .
2024,2,2,14,59,28,152,/home/hasanweb/.config/lvim,e25c33d .
2024,2,2,14,59,28,152,/home/hasanweb/.config/lvim,e25c33d .
2024,2,2,14,59,28,152,/home/hasanweb/.config/lvim,e25c33d .
2024,2,2,15,0,53,9,/home/hasanweb/.config/lvim,e25c33d .
2024,2,2,15,0,53,9,/home/hasanweb/.config/lvim,e25c33d .
2024,2,2,15,0,53,9,/home/hasanweb/.config/lvim,e25c33d .
2024,2,2,15,2,58,12,/home/hasanweb/.config/lvim,e25c33d .
2024,2,2,15,2,58,12,/home/hasanweb/.config/lvim,e25c33d .
2024,2,2,15,2,58,12,/home/hasanweb/.config/lvim,e25c33d .
2024,2,2,15,5,6,4,/home/hasanweb/.config/lvim,e25c33d .
2024,2,2,15,5,6,4,/home/hasanweb/.config/lvim,e25c33d .
2024,2,2,15,5,6,4,/home/hasanweb/.config/lvim,e25c33d .
2024,2,2,15,5,6,4,/home/hasanweb/.config/lvim,e25c33d .
2024,2,4,19,51,37,10,/home/hasanweb/.config/lvim,e25c33d .
2024,2,4,19,51,37,10,/home/hasanweb/.config/lvim,e25c33d .
2024,2,9,16,25,56,75,/home/hasanweb/.config/lvim,e25c33d .
2024,2,9,16,29,22,36,/home/hasanweb/.config/lvim,e25c33d .
2024,2,9,16,29,22,36,/home/hasanweb/.config/lvim,e25c33d .
2024,2,9,16,29,22,36,/home/hasanweb/.config/lvim,e25c33d .
2024,2,9,16,29,22,36,/home/hasanweb/.config/lvim,e25c33d .
2024,2,9,16,30,10,3,/home/hasanweb/.config/lvim,e25c33d .
2024,2,9,16,30,10,3,/home/hasanweb/.config/lvim,e25c33d .
2024,2,9,16,30,10,3,/home/hasanweb/.config/lvim,e25c33d .
2024,2,9,16,31,3,13,/home/hasanweb/.config/lvim,e25c33d .
2024,2,9,16,33,3,4,/home/hasanweb/.config/lvim,e25c33d .
2024,2,9,16,33,3,4,/home/hasanweb/.config/lvim,e25c33d .
2024,2,9,16,33,12,2,/home/hasanweb/.config/lvim,e25c33d .
2024,2,9,16,33,12,2,/home/hasanweb/.config/lvim,e25c33d .
2024,2,9,16,33,46,6,/home/hasanweb/.config/lvim,e25c33d .
2024,2,9,16,33,46,6,/home/hasanweb/.config/lvim,e25c33d .
2024,2,9,16,33,46,6,/home/hasanweb/.config/lvim,e25c33d .
2024,2,9,16,35,39,15,/home/hasanweb/.config/lvim,e25c33d .
2024,2,9,16,35,39,15,/home/hasanweb/.config/lvim,e25c33d .
2024,2,9,16,35,39,15,/home/hasanweb/.config/lvim,e25c33d .
2024,2,9,16,35,39,15,/home/hasanweb/.config/lvim,e25c33d .
2024,2,9,16,35,39,15,/home/hasanweb/.config/lvim,e25c33d .
2024,2,9,16,38,56,2,/home/hasanweb/.config/lvim,e25c33d .
2024,2,9,16,38,56,2,/home/hasanweb/.config/lvim,e25c33d .
2024,2,9,16,40,21,48,/home/hasanweb/.config/lvim,e25c33d .
2024,2,9,16,40,21,48,/home/hasanweb/.config/lvim,e25c33d .
2024,2,9,16,40,21,48,/home/hasanweb/.config/lvim,e25c33d .
2024,2,9,16,40,21,48,/home/hasanweb/.config/lvim,e25c33d .
2024,2,9,16,40,52,2,/home/hasanweb/.config/lvim,e25c33d .
2024,2,9,16,40,52,2,/home/hasanweb/.config/lvim,e25c33d .
2024,2,9,16,41,45,9,/home/hasanweb/.config/lvim,e25c33d .
2024,2,9,16,41,45,9,/home/hasanweb/.config/lvim,e25c33d .
2024,2,9,16,41,45,9,/home/hasanweb/.config/lvim,e25c33d .
2024,2,9,16,43,48,2,/home/hasanweb/.config/lvim,e25c33d .
2024,2,9,16,43,48,2,/home/hasanweb/.config/lvim,e25c33d .
2024,2,9,16,44,25,6,/home/hasanweb/.config/lvim,e25c33d .
2024,2,9,16,44,25,6,/home/hasanweb/.config/lvim,e25c33d .
2024,2,9,16,44,25,6,/home/hasanweb/.config/lvim,e25c33d .
2024,2,9,16,45,31,3,/home/hasanweb/.config/lvim,e25c33d .
2024,2,9,16,45,31,3,/home/hasanweb/.config/lvim,e25c33d .
2024,2,9,16,45,31,3,/home/hasanweb/.config/lvim,e25c33d .
2024,2,9,16,45,36,0,/home/hasanweb/.config/lvim,e25c33d .
2024,2,9,16,45,36,0,/home/hasanweb/.config/lvim,e25c33d .
2024,2,9,16,46,31,2,/home/hasanweb/.config/lvim,e25c33d .
2024,2,9,16,46,31,2,/home/hasanweb/.config/lvim,e25c33d .
2024,2,9,16,48,48,48,/home/hasanweb/.config/lvim,e25c33d .
2024,2,9,16,48,48,48,/home/hasanweb/.config/lvim,e25c33d .
2024,2,9,16,48,48,48,/home/hasanweb/.config/lvim,e25c33d .
2024,2,9,16,48,48,48,/home/hasanweb/.config/lvim,e25c33d .
2024,2,9,16,48,48,48,/home/hasanweb/.config/lvim,e25c33d .
2024,2,9,16,48,48,48,/home/hasanweb/.config/lvim,e25c33d .
2024,2,9,16,48,48,48,/home/hasanweb/.config/lvim,e25c33d .
2024,2,9,16,48,48,48,/home/hasanweb/.config/lvim,e25c33d .
2024,2,9,16,50,41,2,/home/hasanweb/.config/lvim,e25c33d .
2024,2,9,16,50,41,2,/home/hasanweb/.config/lvim,e25c33d .
2024,2,9,16,52,40,39,/home/hasanweb/.config/lvim,e25c33d .
2024,2,9,16,52,40,39,/home/hasanweb/.config/lvim,e25c33d .
2024,2,9,16,52,40,39,/home/hasanweb/.config/lvim,e25c33d .
2024,2,9,16,52,40,39,/home/hasanweb/.config/lvim,e25c33d .
2024,2,9,16,52,40,39,/home/hasanweb/.config/lvim,e25c33d .
2024,2,9,16,52,40,39,/home/hasanweb/.config/lvim,e25c33d .
2024,2,9,16,52,40,39,/home/hasanweb/.config/lvim,e25c33d .
2024,2,9,16,52,40,39,/home/hasanweb/.config/lvim,e25c33d .
2024,2,9,16,52,40,39,/home/hasanweb/.config/lvim,e25c33d .
2024,2,9,16,52,40,39,/home/hasanweb/.config/lvim,e25c33d .
2024,2,9,16,52,40,39,/home/hasanweb/.config/lvim,e25c33d .
2024,2,9,16,52,40,39,/home/hasanweb/.config/lvim,e25c33d .
2024,2,9,16,52,40,39,/home/hasanweb/.config/lvim,e25c33d .
2024,2,9,16,53,14,2,/home/hasanweb/.config/lvim,e25c33d .
2024,2,9,16,53,14,2,/home/hasanweb/.config/lvim,e25c33d .
2024,2,9,16,57,0,0,/home/hasanweb/.config/lvim,e25c33d .
2024,2,9,16,57,0,0,/home/hasanweb/.config/lvim,e25c33d .
2024,2,9,16,57,0,0,/home/hasanweb/.config/lvim,e25c33d .
2024,2,9,16,57,0,0,/home/hasanweb/.config/lvim,e25c33d .
2024,2,9,16,57,0,0,/home/hasanweb/.config/lvim,e25c33d .
2024,2,9,16,57,0,0,/home/hasanweb/.config/lvim,e25c33d .
2024,2,9,16,57,0,0,/home/hasanweb/.config/lvim,e25c33d .
2024,2,9,16,57,0,0,/home/hasanweb/.config/lvim,e25c33d .
2024,2,9,16,57,14,2,/home/hasanweb/.config/lvim,e25c33d .
2024,2,9,16,57,14,2,/home/hasanweb/.config/lvim,e25c33d .
2024,2,9,17,0,50,4,/home/hasanweb/.config/lvim,e25c33d .
2024,2,9,17,0,50,4,/home/hasanweb/.config/lvim,e25c33d .
2024,2,9,17,0,50,4,/home/hasanweb/.config/lvim,e25c33d .
2024,2,9,17,0,50,4,/home/hasanweb/.config/lvim,e25c33d .
2024,2,9,17,5,45,5,/home/hasanweb/.config/lvim,e25c33d .
2024,2,9,17,5,45,5,/home/hasanweb/.config/lvim,e25c33d .
2024,2,9,17,5,45,5,/home/hasanweb/.config/lvim,e25c33d .
2024,2,9,17,5,45,5,/home/hasanweb/.config/lvim,e25c33d .
2024,2,9,17,5,45,5,/home/hasanweb/.config/lvim,e25c33d .
2024,2,17,20,53,48,2,/home/hasanweb/.config/lvim,e25c33d .
2024,2,17,20,53,48,2,/home/hasanweb/.config/lvim,e25c33d .
2024,2,17,20,55,44,4,/home/hasanweb/.config/lvim,e25c33d .
2024,2,17,20,55,44,4,/home/hasanweb/.config/lvim,e25c33d .
2024,2,17,20,56,44,2,/home/hasanweb/.config/lvim,e25c33d .
2024,2,17,20,56,44,2,/home/hasanweb/.config/lvim,e25c33d .
2024,2,17,20,57,40,2,/home/hasanweb/.config/lvim,e25c33d .
2024,2,17,20,57,40,2,/home/hasanweb/.config/lvim,e25c33d .
2024,2,17,20,58,23,3,/home/hasanweb/.config/lvim,e25c33d .
2024,2,17,20,58,23,3,/home/hasanweb/.config/lvim,e25c33d .
2024,2,17,20,58,23,3,/home/hasanweb/.config/lvim,e25c33d .
2024,2,22,13,40,52,12,/home/hasanweb/.config/lvim,e25c33d .
2024,2,22,13,40,52,12,/home/hasanweb/.config/lvim,e25c33d .
2024,2,22,13,40,52,12,/home/hasanweb/.config/lvim,e25c33d .
2024,2,22,13,40,52,12,/home/hasanweb/.config/lvim,e25c33d .
2024,2,22,13,41,1,3,/home/hasanweb/.config/lvim,e25c33d .
2024,2,22,13,45,44,3,/home/hasanweb/.config/lvim,e25c33d .
2024,2,22,13,45,44,3,/home/hasanweb/.config/lvim,e25c33d .
2024,2,22,13,45,44,3,/home/hasanweb/.config/lvim,e25c33d .
2024,2,22,13,48,5,2,/home/hasanweb/.config/lvim,e25c33d .
2024,2,22,13,48,5,2,/home/hasanweb/.config/lvim,e25c33d .
2024,2,22,13,50,3,6,/home/hasanweb/.config/lvim,e25c33d .
2024,2,22,13,50,3,6,/home/hasanweb/.config/lvim,e25c33d .
2024,2,22,13,54,48,6,/home/hasanweb/.config/lvim,e25c33d .
2024,2,22,13,54,48,6,/home/hasanweb/.config/lvim,e25c33d .
2024,2,22,13,54,48,6,/home/hasanweb/.config/lvim,e25c33d .
2024,2,22,13,56,43,3,/home/hasanweb/.config/lvim,e25c33d .
2024,2,22,13,56,43,3,/home/hasanweb/.config/lvim,e25c33d .
2024,2,22,13,56,43,3,/home/hasanweb/.config/lvim,e25c33d .
2024,2,22,13,57,50,0,/home/hasanweb/.config/lvim,e25c33d .
2024,2,22,13,57,50,0,/home/hasanweb/.config/lvim,e25c33d .
2024,2,22,13,57,50,0,/home/hasanweb/.config/lvim,e25c33d .
2024,2,22,13,59,48,2,/home/hasanweb/.config/lvim,e25c33d .
2024,2,22,13,59,48,2,/home/hasanweb/.config/lvim,e25c33d .
2024,2,22,13,59,59,2,/home/hasanweb/.config/lvim,e25c33d .
2024,2,22,13,59,59,2,/home/hasanweb/.config/lvim,e25c33d .
2024,2,22,14,4,29,2,/home/hasanweb/.config/lvim,e25c33d .
2024,2,22,14,4,29,2,/home/hasanweb/.config/lvim,e25c33d .
2024,2,22,14,4,29,2,/home/hasanweb/.config/lvim,e25c33d .
2024,2,22,14,4,42,2,/home/hasanweb/.config/lvim,e25c33d .
2024,2,22,14,4,42,2,/home/hasanweb/.config/lvim,e25c33d .
2024,2,22,14,5,25,4,/home/hasanweb/.config/lvim,e25c33d .
2024,2,22,14,5,25,4,/home/hasanweb/.config/lvim,e25c33d .
2024,2,22,14,5,25,4,/home/hasanweb/.config/lvim,e25c33d .
2024,2,22,14,5,25,4,/home/hasanweb/.config/lvim,e25c33d .
2024,2,22,14,5,37,0,/home/hasanweb/.config/lvim,e25c33d .
2024,2,22,14,5,37,0,/home/hasanweb/.config/lvim,e25c33d .
2024,2,22,14,5,43,2,/home/hasanweb/.config/lvim,e25c33d .
2024,2,22,14,5,43,2,/home/hasanweb/.config/lvim,e25c33d .
2024,2,22,14,8,6,0,/home/hasanweb/.config/lvim,e25c33d .
2024,2,22,14,8,6,0,/home/hasanweb/.config/lvim,e25c33d .
2024,2,22,14,8,6,0,/home/hasanweb/.config/lvim,e25c33d .
2024,2,22,14,8,14,2,/home/hasanweb/.config/lvim,e25c33d .
2024,2,22,14,8,14,2,/home/hasanweb/.config/lvim,e25c33d .
2024,2,22,14,20,11,2,/home/hasanweb/.config/lvim,e25c33d .
2024,2,22,14,20,11,2,/home/hasanweb/.config/lvim,e25c33d .
2024,2,22,14,24,57,2,/home/hasanweb/.config/lvim,e25c33d .
2024,2,22,14,24,57,2,/home/hasanweb/.config/lvim,e25c33d .
2024,2,22,14,28,58,2,/home/hasanweb/.config/lvim,e25c33d .
2024,2,22,14,28,58,2,/home/hasanweb/.config/lvim,e25c33d .
2024,2,22,14,30,33,0,/home/hasanweb/.config/lvim,e25c33d .
2024,2,22,14,30,33,0,/home/hasanweb/.config/lvim,e25c33d .
2024,2,22,14,30,42,2,/home/hasanweb/.config/lvim,e25c33d .
2024,2,22,14,30,42,2,/home/hasanweb/.config/lvim,e25c33d .
2024,2,22,14,35,11,14,/home/hasanweb/.config/lvim,e25c33d .
2024,2,22,14,35,11,14,/home/hasanweb/.config/lvim,e25c33d .
2024,2,22,14,38,40,6,/home/hasanweb/.config/lvim,e25c33d .
2024,2,22,14,38,40,6,/home/hasanweb/.config/lvim,e25c33d .
2024,2,22,14,38,40,6,/home/hasanweb/.config/lvim,e25c33d .
2024,2,22,14,40,0,20,/home/hasanweb/.config/lvim,e25c33d .
2024,2,22,14,40,0,20,/home/hasanweb/.config/lvim,e25c33d .
2024,2,22,14,42,16,2,/home/hasanweb/.config/lvim,e25c33d .
2024,2,22,14,42,16,2,/home/hasanweb/.config/lvim,e25c33d .
2024,2,22,14,42,27,6,/home/hasanweb/.config/lvim,e25c33d .
