2024,3,20,17,24,3,29,/mnt/hasanweb/programming/productivityTracker_ts,
2024,3,20,17,25,39,1,/mnt/hasanweb/programming/productivityTracker_ts,
2024,3,20,17,26,10,16,/mnt/hasanweb/programming/productivityTracker_ts,
2024,3,20,18,14,8,562,/mnt/hasanweb/programming/productivityTracker_ts,
2024,3,20,22,29,40,2343,/mnt/hasanweb/programming/productivityTracker_ts,31d879e Refactor calculate One and all and filter all files
2024,3,20,22,33,40,13,/mnt/hasanweb/programming/productivityTracker_ts,31d879e Refactor calculate One and all and filter all files
2024,3,20,22,38,40,51,/mnt/hasanweb/programming/productivityTracker_ts,31d879e Refactor calculate One and all and filter all files
2024,3,20,19,58,40,443,/mnt/hasanweb/programming/productivityTracker_ts,31d879e Refactor calculate One and all and filter all files
2024,3,20,17,55,26,298,/mnt/hasanweb/programming/productivityTracker_ts,31d879e Refactor calculate One and all and filter all files
2024,3,21,12,56,57,1347,/mnt/hasanweb/programming/productivityTracker_ts,71a5239 Refactor and adding calculation to filterAll Action
2024,3,21,13,46,51,168,/mnt/hasanweb/programming/productivityTracker_ts,71a5239 Refactor and adding calculation to filterAll Action
2024,3,23,16,7,44,2889,/mnt/hasanweb/programming/productivityTracker_ts,e76b35a Still working
2024,3,23,16,12,21,4,/mnt/hasanweb/programming/productivityTracker_ts,e76b35a Still working
2024,3,23,17,25,17,3,/mnt/hasanweb/programming/productivityTracker_ts,e76b35a Still working
2024,3,23,17,26,50,2,/mnt/hasanweb/programming/productivityTracker_ts,e76b35a Still working
2024,3,23,17,31,45,7,/mnt/hasanweb/programming/productivityTracker_ts,e76b35a Still working
2024,3,23,18,0,54,2,/mnt/hasanweb/programming/productivityTracker_ts,e76b35a Still working
2024,3,23,18,6,5,1,/mnt/hasanweb/programming/productivityTracker_ts,e76b35a Still working
2024,3,23,18,23,28,3,/mnt/hasanweb/programming/productivityTracker_ts,e76b35a Still working
2024,3,23,18,23,31,4,/mnt/hasanweb/programming/productivityTracker_ts,e76b35a Still working
2024,3,23,18,23,50,3,/mnt/hasanweb/programming/productivityTracker_ts,e76b35a Still working
2024,3,23,19,21,56,3,/mnt/hasanweb/programming/productivityTracker_ts,e76b35a Still working
2024,3,23,19,23,52,2,/mnt/hasanweb/programming/productivityTracker_ts,e76b35a Still working
2024,3,23,19,23,57,2,/mnt/hasanweb/programming/productivityTracker_ts,e76b35a Still working
2024,3,23,20,47,26,1360,/mnt/hasanweb/programming/productivityTracker_ts,e76b35a Still working
2024,3,23,22,59,0,1195,/mnt/hasanweb/programming/productivityTracker_ts,550e526 adding Filter from to except the regex part
2024,3,24,16,31,34,2234,/mnt/hasanweb/programming/productivityTracker_ts,550e526 adding Filter from to except the regex part
2024,3,24,16,37,57,21,/mnt/hasanweb/programming/productivityTracker_ts,550e526 adding Filter from to except the regex part,testing_data,
2024,3,24,16,40,12,22,/mnt/hasanweb/programming/productivityTracker_ts,550e526 adding Filter from to except the regex part,testing_again,done
2024,3,24,16,41,26,29,/mnt/hasanweb/programming/productivityTracker_ts,550e526 adding Filter from to except the regex part,not_important,done
2024,3,25,12,39,45,5,/mnt/hasanweb/programming/productivityTracker_ts,550e526 adding Filter from to except the regex part,testing,done
2024,3,26,12,45,55,6,/mnt/hasanweb/programming/productivityTracker_ts,550e526 adding Filter from to except the regex part,testing_again,done
